city,Chinese,civ,Prefecture,"Founded
(PRC)"
Hong Kong,???????,autonomous,none,1997-07-01
Macau,???????,autonomous,none,1999-12-20
Beijing,???,municipal,none,1949-10-01
Chongqing,???,municipal,none,1997-03-14
Shanghai,???,municipal,none,1949-10-01
Tianjin,???,municipal,none,1967-01-02
Anqing,???,Anhui,direct administration,1979-11-04
Bengbu,???,Anhui,direct administration,1949-10-01
Bozhou,???,Anhui,direct administration,2000-05-21
Chaohu,???,Anhui,Hefei,2011-07-14
Chizhou,???,Anhui,direct administration,2000-06-25
Chuzhou,???,Anhui,direct administration,1992-12-20
Fuyang,???,Anhui,direct administration,1996-01-01
Guangde,???,Anhui,Xuancheng,2019-07-12
Hefei,???,Anhui,direct administration,1949-10-01
Huaibei,???,Anhui,direct administration,1960-04-16
Huainan,???,Anhui,direct administration,1951-01-18
Huangshan,???,Anhui,direct administration,1987-11-27
Jieshou,???,Anhui,Fuyang,1989-09-27
Lu'an,???,Anhui,direct administration,1999-09-02
Ma'anshan,????,Anhui,direct administration,1956-10-12
Mingguang,???,Anhui,Chuzhou,1994-05-31
Ningguo,???,Anhui,Xuancheng,1997-03-11
Qianshan,???,Anhui,Anqing,2018-07-02
Suzhou,???,Anhui,direct administration,1998-12-06
Tianchang,???,Anhui,Chuzhou,1993-09-18
Tongcheng,???,Anhui,Anqing,1996-08-20
Tongling,???,Anhui,direct administration,1971-12-11
Wuhu,???,Anhui,direct administration,1972-12-30
Wuwei,???,Anhui,Wuhu,2019-11-20
Xuancheng,???,Anhui,direct administration,2000-06-25
Fu'an,???,Fujian,Ningde,1989-11-13
Fuding,???,Fujian,Ningde,1995-10-13
Fuqing,???,Fujian,Fuzhou,1990-12-26
Fuzhou,???,Fujian,direct administration,1949-10-01
Jian'ou,???,Fujian,Nanping,1992-10-20
Jinjiang,???,Fujian,Quanzhou,1992-03-06
Longhai,???,Fujian,Zhangzhou,1993-05-12
Longyan,???,Fujian,direct administration,1996-11-20
Nan'an,???,Fujian,Quanzhou,1993-05-12
Nanping,???,Fujian,direct administration,1994-09-05
Ningde,???,Fujian,direct administration,1999-11-14
Putian,???,Fujian,direct administration,1983-09-09
Quanzhou,???,Fujian,direct administration,1985-05-14
Sanming,???,Fujian,direct administration,1983-04-28
Shaowu,???,Fujian,Nanping,1983-08-17
Shishi,???,Fujian,Quanzhou,1987-12-17
Wuyishan,????,Fujian,Nanping,1989-08-21
Xiamen,???,Fujian,direct administration,1949-10-01
Yong'an,???,Fujian,Sanming,1984-09-12
Zhangping,???,Fujian,Longyan,1990-08-15
Zhangzhou,???,Fujian,direct administration,1985-05-14
Baiyin,???,Gansu,direct administration,1985-05-14
Dingxi,???,Gansu,direct administration,2003-04-04
Dunhuang,???,Gansu,Jiuquan,1987-08-21
Hezuo,???,Gansu,Gannan,1996-05-28
Huating,???,Gansu,Pingliang,2018-07-02
Jiayuguan,????,Gansu,direct administration,1971-09-10
Jinchang,???,Gansu,direct administration,1981-02-09
Jiuquan,???,Gansu,direct administration,2002-06-18
Lanzhou,???,Gansu,direct administration,1949-10-01
Linxia,???,Gansu,Linxia,1983-08-31
Longnan,???,Gansu,direct administration,2004-01-11
Pingliang,???,Gansu,direct administration,2002-06-02
Qingyang,???,Gansu,direct administration,2002-06-22
Tianshui,???,Gansu,direct administration,1985-07-08
Wuwei,???,Gansu,direct administration,2001-05-09
Yumen,???,Gansu,Jiuquan,1961-11-15
Zhangye,???,Gansu,direct administration,2002-03-01
Chaozhou,???,Guangdong,direct administration,1991-12-07
Dongguan,???,Guangdong,direct administration,1988-01-07
Enping,???,Guangdong,Jiangmen,1994-02-28
Foshan,???,Guangdong,direct administration,1975-11-22
Gaozhou,???,Guangdong,Maoming,1993-06-08
Guangzhou,???,Guangdong,direct administration,1954-06-19
Heshan,???,Guangdong,Jiangmen,1993-11-08
Heyuan,???,Guangdong,direct administration,1988-01-07
Huazhou,???,Guangdong,Maoming,1994-07-04
Huizhou,???,Guangdong,direct administration,1988-01-07
Jiangmen,???,Guangdong,direct administration,1975-11-22
Jieyang,???,Guangdong,direct administration,1991-12-07
Kaiping,???,Guangdong,Jiangmen,1993-01-05
Lechang,???,Guangdong,Shaoguan,1994-04-28
Leizhou,???,Guangdong,Zhanjiang,1994-04-26
Lianjiang,???,Guangdong,Zhanjiang,1993-12-10
Lianzhou,???,Guangdong,Qingyuan,1994-04-22
Lufeng,???,Guangdong,Shanwei,1995-01-19
Luoding,???,Guangdong,Yunfu,1993-04-08
Maoming,???,Guangdong,direct administration,1975-11-22
Meizhou,???,Guangdong,direct administration,1988-01-07
Nanxiong,???,Guangdong,Shaoguan,1996-06-17
Puning,???,Guangdong,Jieyang,1993-04-06
Qingyuan,???,Guangdong,direct administration,1988-01-07
Shantou,???,Guangdong,direct administration,1975-11-22
Shanwei,???,Guangdong,direct administration,1988-01-07
Shaoguan,???,Guangdong,direct administration,1975-11-22
Shenzhen,???,Guangdong,direct administration,1979-03-05
Sihui,???,Guangdong,Zhaoqing,1993-11-25
Taishan,???,Guangdong,Jiangmen,1992-04-17
Wuchuan,???,Guangdong,Zhanjiang,1994-05-26
Xingning,???,Guangdong,Meizhou,1994-06-06
Xinyi,???,Guangdong,Maoming,1995-09-11
Yangchun,???,Guangdong,Yangjiang,1994-05-05
Yangjiang,???,Guangdong,direct administration,1988-01-07
Yingde,???,Guangdong,Qingyuan,1994-01-12
Yunfu,???,Guangdong,direct administration,1994-04-05
Zhanjiang,???,Guangdong,direct administration,1975-11-22
Zhaoqing,???,Guangdong,direct administration,1988-01-07
Zhongshan,???,Guangdong,direct administration,1988-01-07
Zhuhai,???,Guangdong,direct administration,1979-03-05
Baise,???,Guangxi,direct administration,2002-06-02
Beihai,???,Guangxi,direct administration,1983-10-08
Beiliu,???,Guangxi,Yulin,1994-04-18
Cenxi,???,Guangxi,Wuzhou,1995-09-11
Chongzuo,???,Guangxi,direct administration,2002-12-23
Dongxing,???,Guangxi,Fangchenggang,1996-04-29
Fangchenggang,????,Guangxi,direct administration,1993-05-23
Guigang,???,Guangxi,direct administration,1995-10-27
Guilin,???,Guangxi,direct administration,1961-11-25
Guiping,???,Guangxi,Guigang,1994-05-18
Hechi,???,Guangxi,direct administration,2002-06-18
Hengzhou,???,Guangxi,Nanning,2021-02-03
Heshan,???,Guangxi,Laibin,1981-06-29
Hezhou,???,Guangxi,direct administration,2002-06-18
Jingxi,???,Guangxi,Baise,2015-08-01
Laibin,???,Guangxi,direct administration,2002-09-29
Lipu,???,Guangxi,Guilin,2018-07-02
Liuzhou,???,Guangxi,direct administration,1961-11-25
Nanning,???,Guangxi,direct administration,1961-12-23
Pingguo,???,Guangxi,Baise,2019-11-20
Pingxiang,???,Guangxi,Chongzuo,1961-05-27
Qinzhou,???,Guangxi,direct administration,1994-06-28
Wuzhou,???,Guangxi,direct administration,1961-11-25
Yulin,???,Guangxi,direct administration,1997-04-22
Anshun,???,Guizhou,direct administration,2000-06-23
Bijie,???,Guizhou,direct administration,2011-10-22
Chishui,???,Guizhou,Zunyi,1990-09-30
Duyun,???,Guizhou,Qiannan,1966-03-09
Fuquan,???,Guizhou,Qiannan,1996-12-02
Guiyang,???,Guizhou,direct administration,1949-10-01
Kaili,???,Guizhou,Qiandongnan,1983-08-19
Liupanshui,????,Guizhou,direct administration,1978-12-18
Panzhou,???,Guizhou,Liupanshui,2017-04-09
Qianxi,???,Guizhou,Bijie,2021-01-20
Qingzhen,???,Guizhou,Guiyang,1992-11-06
Renhuai,???,Guizhou,Zunyi,1995-11-30
Tongren,???,Guizhou,direct administration,2011-10-22
Xingren,???,Guizhou,Qianxinan,2018-07-02
Xingyi,???,Guizhou,Qianxinan,1987-11-06
Zunyi,???,Guizhou,direct administration,1997-06-10
Danzhou,???,Hainan,direct administration,2015-02-19
Dongfang,???,Hainan,none,1997-03-12
Haikou,???,Hainan,direct administration,1986-05-31
Qionghai,???,Hainan,none,1992-11-06
Sansha,???,Hainan,direct administration,2012-06-21
Sanya,???,Hainan,direct administration,1987-11-20
Wanning,???,Hainan,none,1996-08-05
Wenchang,???,Hainan,none,1995-11-07
Wuzhishan,????,Hainan,none,1986-06-12
Anguo,???,Hebei,Baoding,1991-05-06
Baoding,???,Hebei,direct administration,1983-11-15
Bazhou,???,Hebei,Langfang,1990-01-04
Botou,???,Hebei,Cangzhou,1982-12-13
Cangzhou,???,Hebei,direct administration,1983-11-15
Chengde,???,Hebei,direct administration,1983-11-15
Dingzhou,???,Hebei,Baoding,1986-03-05
Gaobeidian,????,Hebei,Baoding,1993-04-09
Handan,???,Hebei,direct administration,1983-11-15
Hengshui,???,Hebei,direct administration,1996-05-31
Hejian,???,Hebei,Cangzhou,1990-10-18
Huanghua,???,Hebei,Cangzhou,1989-07-27
Jinzhou,???,Hebei,Shijiazhuang,1991-11-30
Langfang,???,Hebei,direct administration,1988-09-13
Luanzhou,???,Hebei,Tangshan,2018-07-02
Nangong,???,Hebei,Xingtai,1986-03-05
Pingquan,???,Hebei,Chengde,2017-04-09
Qian'an,???,Hebei,Tangshan,1996-10-10
Qinhuangdao,????,Hebei,direct administration,1983-03-03
Renqiu,???,Hebei,Cangzhou,1986-03-05
Sanhe,???,Hebei,Langfang,1993-03-03
Shahe,???,Hebei,Xingtai,1987-02-20
Shenzhou,???,Hebei,Hengshui,1994-07-04
Shijiazhuang,????,Hebei,direct administration,1978-03-11
Tangshan,???,Hebei,direct administration,1978-03-11
Xinji,???,Hebei,Shijiazhuang,1986-03-05
Wu'an,???,Hebei,Handan,1988-09-01
Xingtai,???,Hebei,direct administration,1983-11-15
Xinle,???,Hebei,Shijiazhuang,1992-10-08
Zhangjiakou,????,Hebei,direct administration,1983-11-15
Zhuozhou,???,Hebei,Baoding,1986-09-24
Zunhua,???,Hebei,Tangshan,1992-02-17
Anda,???,Heilongjiang,Suihua,1984-11-17
Bei'an,???,Heilongjiang,Heihe,1982-12-18
Daqing,???,Heilongjiang,direct administration,1965-12-28
Dongning,???,Heilongjiang,Mudanjiang,2015-12-15
Fujin,???,Heilongjiang,Jiamusi,1988-08-30
Fuyuan,???,Heilongjiang,Jiamusi,2016-01-13
Hailin,???,Heilongjiang,Mudanjiang,1992-07-28
Hailun,???,Heilongjiang,Suihua,1989-12-23
Harbin,????,Heilongjiang,direct administration,1954-06-19
Hegang,???,Heilongjiang,direct administration,1966-02-08
Heihe,???,Heilongjiang,direct administration,1993-02-08
Hulin,???,Heilongjiang,Jixi,1996-10-11
Jiamusi,????,Heilongjiang,direct administration,1983-10-08
Jixi,???,Heilongjiang,direct administration,1966-02-08
Mishan,???,Heilongjiang,Jixi,1988-11-17
Mohe,???,Heilongjiang,Daxing'anling,2018-02-22
Mudanjiang,????,Heilongjiang,direct administration,1983-10-08
Muling,???,Heilongjiang,Mudanjiang,1995-03-07
Nehe,???,Heilongjiang,Qiqihar,1992-09-02
Nenjiang,???,Heilongjiang,Heihe,2019-07-12
Ning'an,???,Heilongjiang,Mudanjiang,1993-02-12
Qiqihar,?????,Heilongjiang,direct administration,1964-01-15
Qitaihe,????,Heilongjiang,direct administration,1983-10-08
Shangzhi,???,Heilongjiang,Harbin,1988-09-14
Shuangyashan,????,Heilongjiang,direct administration,1966-02-08
Suifenhe,????,Heilongjiang,Mudanjiang,1975-08-15
Suihua,???,Heilongjiang,direct administration,1999-12-28
Tieli,???,Heilongjiang,Yichun,1988-09-13
Tongjiang,???,Heilongjiang,Jiamusi,1987-02-24
Wuchang,???,Heilongjiang,Harbin,1993-06-01
Wudalianchi,?????,Heilongjiang,Heihe,1983-10-08
Yichun,???,Heilongjiang,direct administration,1979-12-14
Zhaodong,???,Heilongjiang,Suihua,1986-09-08
Anyang,???,Henan,direct administration,1982-03-10
Changge,???,Henan,Xuchang,1993-12-14
Changyuan,???,Henan,Xinxiang,2019-07-12
Dengfeng,???,Henan,Zhengzhou,1994-05-30
Dengzhou,???,Henan,Nanyang,1988-11-17
Gongyi,???,Henan,Zhengzhou,1991-06-12
Hebi,???,Henan,direct administration,1974-01-19
Huixian,???,Henan,Xinxiang,1988-10-11
Jiaozuo,???,Henan,direct administration,1974-01-19
Jiyuan,???,Henan,none,1988-06-25
Kaifeng,???,Henan,direct administration,1961-12-25
Lingbao,???,Henan,Sanmenxia,1993-05-12
Linzhou,???,Henan,Anyang,1994-01-24
Luohe,???,Henan,direct administration,1986-01-18
Luoyang,???,Henan,direct administration,1964-04-30
Mengzhou,???,Henan,Jiaozuo,1996-04-29
Nanyang,???,Henan,direct administration,1994-07-01
Pingdingshan,????,Henan,direct administration,1969-03-15
Puyang,???,Henan,direct administration,1983-09-01
Qinyang,???,Henan,Jiaozuo,1989-09-27
Ruzhou,???,Henan,Pingdingshan,1988-06-25
Sanmenxia,????,Henan,direct administration,1986-01-18
Shangqiu,???,Henan,direct administration,1997-06-10
Weihui,???,Henan,Xinxiang,1988-10-08
Wugang,???,Henan,Pingdingshan,1990-09-04
Xiangcheng,???,Henan,Zhoukou,1993-12-16
Xingyang,???,Henan,Zhengzhou,1994-04-05
Xinmi,???,Henan,Zhengzhou,1994-04-05
Xinxiang,???,Henan,direct administration,1982-03-10
Xinyang,???,Henan,direct administration,1998-06-09
Xinzheng,???,Henan,Zhengzhou,1994-05-16
Xuchang,???,Henan,direct administration,1986-01-18
Yanshi,???,Henan,Luoyang,1993-12-15
Yima,???,Henan,Sanmenxia,1981-04-04
Yongcheng,???,Henan,Shangqiu,1996-10-11
Yuzhou,???,Henan,Xuchang,1988-06-25
Zhengzhou,???,Henan,direct administration,1949-10-01
Zhoukou,???,Henan,direct administration,2000-06-08
Zhumadian,????,Henan,direct administration,2000-06-08
Anlu,???,Hubei,Xiaogan,1987-09-04
Chibi,???,Hubei,Xianning,1986-05-27
Dangyang,???,Hubei,Yichang,1988-10-22
Danjiangkou,????,Hubei,Shiyan,1983-08-19
Daye,???,Hubei,Huangshi,1994-02-18
Enshi,???,Hubei,Enshi,1981-11-07
Ezhou,???,Hubei,direct administration,1983-08-19
Guangshui,???,Hubei,Suizhou,1988-10-11
Hanchuan,???,Hubei,Xiaogan,1997-03-12
Honghu,???,Hubei,Jingzhou,1987-07-31
Huanggang,???,Hubei,direct administration,1995-12-23
Huangshi,???,Hubei,direct administration,1950-08-30
Jianli,???,Hubei,Jingzhou,2020-06-12
Jingmen,???,Hubei,direct administration,1983-08-19
Jingshan,???,Hubei,Jingmen,2018-02-22
Jingzhou,???,Hubei,direct administration,1994-09-29
Laohekou,????,Hubei,Xiangyang,1979-11-16
Lichuan,???,Hubei,Enshi,1986-05-27
Macheng,???,Hubei,Huanggang,1986-05-27
Qianjiang,???,Hubei,none,1988-05-25
Shishou,???,Hubei,Jingzhou,1986-05-27
Shiyan,???,Hubei,direct administration,1973-02-17
Suizhou,???,Hubei,direct administration,2000-06-25
Songzi,???,Hubei,Jingzhou,1995-12-29
Tianmen,???,Hubei,none,1987-08-03
Wuhan,???,Hubei,direct administration,1954-06-19
Wuxue,???,Hubei,Huanggang,1987-10-23
Xiangyang,???,Hubei,direct administration,1979-06-21
Xianning,???,Hubei,direct administration,1998-12-06
Xiantao,???,Hubei,none,1986-05-27
Xiaogan,???,Hubei,direct administration,1993-04-10
Yichang,???,Hubei,direct administration,1979-06-21
Yicheng,???,Hubei,Xiangyang,1994-06-10
Yidu,???,Hubei,Yichang,1987-11-30
Yingcheng,???,Hubei,Xiaogan,1986-05-27
Zaoyang,???,Hubei,Xiangyang,1988-01-08
Zhijiang,???,Hubei,Yichang,1996-07-30
Zhongxiang,???,Hubei,Jingmen,1992-05-20
Changde,???,Hunan,direct administration,1988-01-23
Changning,???,Hunan,Hengyang,1996-11-26
Changsha,???,Hunan,direct administration,1949-10-01
Chenzhou,???,Hunan,direct administration,1994-12-17
Hengyang,???,Hunan,direct administration,1980-02-20
Hongjiang,???,Hunan,Huaihua,1979-09-01
Huaihua,???,Hunan,direct administration,1997-11-29
Jinshi,???,Hunan,Changde,1979-12-19
Jishou,???,Hunan,Xiangxi,1982-08-03
Leiyang,???,Hunan,Hengyang,1986-11-11
Lengshuijiang,????,Hunan,Loudi,1983-07-13
Lianyuan,???,Hunan,Loudi,1987-06-10
Liling,???,Hunan,Zhuzhou,1985-05-24
Linxiang,???,Hunan,Yueyang,1992-09-01
Liuyang,???,Hunan,Changsha,1993-01-16
Loudi,???,Hunan,direct administration,1999-01-20
Miluo,???,Hunan,Yueyang,1987-09-23
Ningxiang,???,Hunan,Changsha,2017-04-09
Shaoshan,???,Hunan,Xiangtan,1990-12-26
Shaodong,???,Hunan,Shaoyang,2019-07-12
Shaoyang,???,Hunan,direct administration,1980-02-20
Wugang,???,Hunan,Shaoyang,1994-02-18
Xiangtan,???,Hunan,direct administration,1980-02-20
Xiangxiang,???,Hunan,Xiangtan,1986-09-12
Yiyang,???,Hunan,direct administration,1994-03-07
Yongzhou,???,Hunan,direct administration,1995-11-21
Yuanjiang,???,Hunan,Yiyang,1988-10-11
Yueyang,???,Hunan,direct administration,1983-02-08
Zhangjiajie,????,Hunan,direct administration,1988-05-18
Zhuzhou,???,Hunan,direct administration,1956-11-30
Zixing,???,Hunan,Chenzhou,1984-12-20
Arxan,????,Inner Mongolia,Hinggan,1996-06-10
Baotou,???,Inner Mongolia,direct administration,1950-02-13
Bayannur,?????,Inner Mongolia,direct administration,2003-12-01
Chifeng,???,Inner Mongolia,direct administration,1983-10-10
Erenhot,?????,Inner Mongolia,Xilingol,1966-01-18
Ergun,?????,Inner Mongolia,Hulunbuir,1994-07-13
Fengzhen,???,Inner Mongolia,Ulanqab,1990-11-15
Genhe,???,Inner Mongolia,Hulunbuir,1994-04-28
Hohhot,?????,Inner Mongolia,direct administration,1950-01-18
Holingol,?????,Inner Mongolia,Tongliao,1985-11-09
Hulunbuir,?????,Inner Mongolia,direct administration,2001-10-10
Manzhouli,????,Inner Mongolia,Hulunbuir,1954-05-21
Ordos,?????,Inner Mongolia,direct administration,2001-02-26
Tongliao,???,Inner Mongolia,direct administration,1999-01-13
Ulanhot,?????,Inner Mongolia,Hinggan,1980-07-26
Ulanqab,?????,Inner Mongolia,direct administration,2003-12-01
Wuhai,???,Inner Mongolia,direct administration,1975-08-30
Xilinhot,?????,Inner Mongolia,Xilingol,1983-10-10
Yakeshi,????,Inner Mongolia,Hulunbuir,1983-10-10
Zhalantun,????,Inner Mongolia,Hulunbuir,1983-10-10
Changshu,???,Jiangsu,Suzhou,1983-01-18
Changzhou,???,Jiangsu,direct administration,1962-06-25
Danyang,???,Jiangsu,Zhenjiang,1987-12-15
Dongtai,???,Jiangsu,Yancheng,1987-12-17
Gaoyou,???,Jiangsu,Yangzhou,1991-02-06
Hai'an,???,Jiangsu,Nantong,2018-02-22
Huai'an,???,Jiangsu,direct administration,1983-01-18
Jiangyin,???,Jiangsu,Wuxi,1987-04-23
Jingjiang,???,Jiangsu,Taizhou,1993-07-14
Jurong,???,Jiangsu,Zhenjiang,1995-04-06
Liyang,???,Jiangsu,Changzhou,1990-08-15
Lianyungang,????,Jiangsu,direct administration,1962-06-25
Kunshan,???,Jiangsu,Suzhou,1989-07-27
Nanjing,???,Jiangsu,direct administration,1953-12-17
Nantong,???,Jiangsu,direct administration,1962-06-25
Pizhou,???,Jiangsu,Xuzhou,1992-07-07
Qidong,???,Jiangsu,Nantong,1989-11-13
Rugao,???,Jiangsu,Nantong,1991-02-06
Suqian,???,Jiangsu,direct administration,1996-07-19
Suzhou,???,Jiangsu,direct administration,1962-06-25
Taicang,???,Jiangsu,Suzhou,1993-01-08
Taixing,???,Jiangsu,Taizhou,1992-09-21
Taizhou,???,Jiangsu,direct administration,1996-07-19
Wuxi,???,Jiangsu,direct administration,1949-10-01
Xinghua,???,Jiangsu,Taizhou,1987-12-22
Xinyi,???,Jiangsu,Xuzhou,1990-02-05
Xuzhou,???,Jiangsu,direct administration,1962-06-25
Yancheng,???,Jiangsu,direct administration,1983-01-18
Yangzhong,???,Jiangsu,Zhenjiang,1994-05-18
Yangzhou,???,Jiangsu,direct administration,1983-01-18
Yixing,???,Jiangsu,Wuxi,1988-01-09
Yizheng,???,Jiangsu,Yangzhou,1986-04-21
Zhangjiagang,????,Jiangsu,Suzhou,1986-09-16
Zhenjiang,???,Jiangsu,direct administration,1983-01-18
Dexing,???,Jiangxi,Shangrao,1990-12-26
Fengcheng,???,Jiangxi,Yichun,1988-10-04
Fuzhou,???,Jiangxi,direct administration,2000-06-23
Ganzhou,???,Jiangxi,direct administration,1998-12-24
Gao'an,???,Jiangxi,Yichun,1993-12-08
Gongqingcheng,????,Jiangxi,Jiujiang,2010-09-10
Guixi,???,Jiangxi,Yingtan,1996-05-28
Ji'an,???,Jiangxi,direct administration,2000-05-11
Jingdezhen,????,Jiangxi,direct administration,1953-06-15
Jinggangshan,????,Jiangxi,Ji'an,1984-12-13
Jiujiang,???,Jiangxi,direct administration,1980-03-28
Leping,???,Jiangxi,Jingdezhen,1992-07-27
Longnan,???,Jiangxi,Ganzhou,2020-06-12
Lushan,???,Jiangxi,Jiujiang,2016-03-20
Nanchang,???,Jiangxi,direct administration,1949-10-01
Pingxiang,???,Jiangxi,direct administration,1970-03-10
Ruichang,???,Jiangxi,Jiujiang,1989-12-20
Ruijin,???,Jiangxi,Ganzhou,1994-05-18
Shangrao,???,Jiangxi,direct administration,2000-06-23
Xinyu,???,Jiangxi,direct administration,1983-07-27
Yichun,???,Jiangxi,direct administration,2000-05-22
Yingtan,???,Jiangxi,direct administration,1983-07-27
Zhangshu,???,Jiangxi,Yichun,1988-10-13
Baicheng,???,Jilin,direct administration,1993-06-14
Baishan,???,Jilin,direct administration,1985-02-04
Changchun,???,Jilin,direct administration,1954-06-19
Da'an,???,Jilin,Baicheng,1988-08-30
Dehui,???,Jilin,Changchun,1994-07-06
Dunhua,???,Jilin,Yanbian,1985-02-28
Fuyu,???,Jilin,Songyuan,2013-01-24
Gongzhuling,????,Jilin,Changchun,1985-12-19
Helong,???,Jilin,Yanbian,1993-07-05
Huadian,???,Jilin,Jilin,1988-05-25
Hunchun,???,Jilin,Yanbian,1988-05-25
Ji'an,???,Jilin,Tonghua,1988-03-16
Jiaohe,???,Jilin,Jilin,1989-08-15
Jilin,???,Jilin,direct administration,1949-10-01
Liaoyuan,???,Jilin,direct administration,1983-08-30
Linjiang,???,Jilin,Baishan,1993-11-28
Longjing,???,Jilin,Yanbian,1988-05-25
Meihekou,????,Jilin,Tonghua,1985-12-19
Panshi,???,Jilin,Jilin,1995-08-30
Shuangliao,???,Jilin,Siping,1996-04-29
Shulan,???,Jilin,Jilin,1992-10-08
Siping,???,Jilin,direct administration,1983-08-30
Songyuan,???,Jilin,direct administration,1992-06-06
Taonan,???,Jilin,Baicheng,1987-05-21
Tonghua,???,Jilin,direct administration,1985-02-04
Tumen,???,Jilin,Yanbian,1965-03-27
Yanji,???,Jilin,Yanbian,1953-05-04
Yushu,???,Jilin,Changchun,1990-12-26
Anshan,???,Liaoning,direct administration,1954-06-19
Benxi,???,Liaoning,direct administration,1954-06-19
Beipiao,???,Liaoning,Chaoyang,1985-01-17
Beizhen,???,Liaoning,Jinzhou,1995-03-21
Chaoyang,???,Liaoning,direct administration,1984-06-30
Dalian,???,Liaoning,direct administration,1954-06-19
Dandong,???,Liaoning,direct administration,1949-10-01
Dashiqiao,????,Liaoning,Yingkou,1992-11-03
Dengta,???,Liaoning,Liaoyang,1996-08-27
Diaobingshan,????,Liaoning,Tieling,1986-09-12
Donggang,???,Liaoning,Dandong,1993-06-18
Fengcheng,???,Liaoning,Dandong,1994-03-08
Fushun,???,Liaoning,direct administration,1954-06-19
Fuxin,???,Liaoning,direct administration,1949-10-01
Gaizhou,???,Liaoning,Yingkou,1992-11-03
Haicheng,???,Liaoning,Anshan,1985-01-17
Huludao,????,Liaoning,direct administration,1989-06-12
Jinzhou,???,Liaoning,direct administration,1949-10-01
Kaiyuan,???,Liaoning,Tieling,1988-12-27
Liaoyang,???,Liaoning,direct administration,1965-12-27
Linghai,???,Liaoning,Jinzhou,1993-11-16
Lingyuan,???,Liaoning,Chaoyang,1991-12-21
Panjin,???,Liaoning,direct administration,1984-06-05
Shenyang,???,Liaoning,direct administration,1954-06-19
Tieling,???,Liaoning,direct administration,1984-06-30
Wafangdian,????,Liaoning,Dalian,1985-01-17
Xingcheng,???,Liaoning,Huludao,1986-09-12
Xinmin,???,Liaoning,Shenyang,1993-06-14
Yingkou,???,Liaoning,direct administration,1949-10-01
Zhuanghe,???,Liaoning,Dalian,1992-09-21
Guyuan,???,Ningxia,direct administration,2001-07-07
Lingwu,???,Ningxia,Yinchuan,1996-04-29
Qingtongxia,????,Ningxia,Wuzhong,1984-12-17
Shizuishan,????,Ningxia,direct administration,1975-11-23
Wuzhong,???,Ningxia,direct administration,1998-05-11
Yinchuan,???,Ningxia,direct administration,1958-08-11
Zhongwei,???,Ningxia,direct administration,2003-12-31
Delingha,????,Qinghai,Haixi,1988-04-19
Golmud,????,Qinghai,Haixi,1980-06-14
Haidong,???,Qinghai,direct administration,2013-02-08
Mangnai,???,Qinghai,Haixi,2018-02-22
Tongren,???,Qinghai,Huangnan,2020-06-12
Xining,???,Qinghai,direct administration,1956-07-14
Yushu,???,Qinghai,Yushu,2013-07-04
Ankang,???,Shaanxi,direct administration,2000-06-23
Baoji,???,Shaanxi,direct administration,1971-10-05
Binzhou,???,Shaanxi,Xianyang,2018-02-22
Hancheng,???,Shaanxi,Weinan,1983-09-09
Hanzhong,???,Shaanxi,direct administration,1996-02-21
Huayin,???,Shaanxi,Weinan,1990-12-27
Shangluo,???,Shaanxi,direct administration,2001-08-31
Shenmu,???,Shaanxi,Yulin,2017-04-09
Tongchuan,???,Shaanxi,direct administration,1966-06-24
Weinan,???,Shaanxi,direct administration,1983-09-09
Xi'an,???,Shaanxi,direct administration,1954-06-19
Xianyang,???,Shaanxi,direct administration,1983-09-09
Xingping,???,Shaanxi,Xianyang,1993-06-18
Xunyang,???,Shaanxi,Ankang,2021-01-20
Yan'an,???,Shaanxi,direct administration,1996-11-05
Yulin,???,Shaanxi,direct administration,1999-12-05
Zichang,???,Shaanxi,Yan'an,2019-07-12
Anqiu,???,Shandong,Weifang,1994-01-18
Binzhou,???,Shandong,direct administration,2000-06-10
Changyi,???,Shandong,Weifang,1994-06-10
Dezhou,???,Shandong,direct administration,1994-12-17
Dongying,???,Shandong,direct administration,1982-11-10
Feicheng,???,Shandong,Tai'an,1992-08-01
Gaomi,???,Shandong,Weifang,1994-05-18
Haiyang,???,Shandong,Yantai,1996-04-29
Heze,???,Shandong,direct administration,2000-06-23
Jiaozhou,???,Shandong,Qingdao,1987-02-12
Jinan,???,Shandong,direct administration,1949-10-01
Jining,???,Shandong,direct administration,1983-08-30
Laixi,???,Shandong,Qingdao,1990-12-18
Laiyang,???,Shandong,Yantai,1987-02-20
Laizhou,???,Shandong,Yantai,1988-02-24
Leling,???,Shandong,Dezhou,1988-09-01
Liaocheng,???,Shandong,direct administration,1997-08-29
Linqing,???,Shandong,Liaocheng,1983-08-30
Linyi,???,Shandong,direct administration,1994-12-17
Longkou,???,Shandong,Yantai,1986-09-23
Pingdu,???,Shandong,Qingdao,1989-07-27
Qingdao,???,Shandong,direct administration,1949-10-01
Qingzhou,???,Shandong,Weifang,1986-03-01
Qixia,???,Shandong,Yantai,1995-11-30
Qufu,???,Shandong,Jining,1986-06-02
Rizhao,???,Shandong,direct administration,1989-06-12
Rongcheng,???,Shandong,Weihai,1988-11-01
Rushan,???,Shandong,Weihai,1993-07-17
Shouguang,???,Shandong,Weifang,1993-06-01
Tai'an,???,Shandong,direct administration,1985-03-27
Tengzhou,???,Shandong,Zaozhuang,1988-03-07
Weifang,???,Shandong,direct administration,1983-08-30
Weihai,???,Shandong,direct administration,1987-06-15
Xintai,???,Shandong,Tai'an,1983-08-30
Yantai,???,Shandong,direct administration,1983-08-30
Yucheng,???,Shandong,Dezhou,1993-09-09
Zaozhuang,???,Shandong,direct administration,1961-09-12
Zhaoyuan,???,Shandong,Yantai,1991-12-21
Zhucheng,???,Shandong,Weifang,1987-04-20
Zibo,???,Shandong,direct administration,1961-09-12
Zoucheng,???,Shandong,Jining,1992-10-04
Zouping,???,Shandong,Binzhou,2018-07-02
Changzhi,???,Shanxi,direct administration,1975-07-09
Datong,???,Shanxi,direct administration,1972-03-09
Fenyang,???,Shanxi,Lüliang,1996-08-20
Gaoping,???,Shanxi,Jincheng,1993-05-12
Gujiao,???,Shanxi,Taiyuan,1988-02-24
Hejin,???,Shanxi,Yuncheng,1994-01-12
Houma,???,Shanxi,Linfen,1971-06-05
Huairen,???,Shanxi,Shuozhou,2018-02-22
Huozhou,???,Shanxi,Linfen,1989-12-23
Jiexiu,???,Shanxi,Jinzhong,1992-02-10
Jincheng,???,Shanxi,direct administration,1985-04-30
Jinzhong,???,Shanxi,direct administration,1999-09-24
Linfen,???,Shanxi,direct administration,2000-06-23
Lüliang,???,Shanxi,direct administration,2003-10-23
Shuozhou,???,Shanxi,direct administration,1988-03-24
Taiyuan,???,Shanxi,direct administration,1949-10-01
Xiaoyi,???,Shanxi,Lüliang,1992-02-10
Xinzhou,???,Shanxi,direct administration,2000-06-14
Yangquan,???,Shanxi,direct administration,1972-03-09
Yongji,???,Shanxi,Yuncheng,1994-01-12
Yuncheng,???,Shanxi,direct administration,2000-06-14
Yuanping,???,Shanxi,Xinzhou,1993-06-17
Barkam,????,Sichuan,Ngawa,2015-11-02
Bazhong,???,Sichuan,direct administration,2000-06-14
Chengdu,???,Sichuan,direct administration,1949-10-01
Chongzhou,???,Sichuan,Chengdu,1994-06-20
Dazhou,???,Sichuan,direct administration,1999-06-20
Deyang,???,Sichuan,direct administration,1983-08-18
Dujiangyan,????,Sichuan,Chengdu,1988-03-03
Emeishan,????,Sichuan,Leshan,1988-09-01
Guang'an,???,Sichuan,direct administration,1998-07-31
Guanghan,???,Sichuan,Deyang,1988-02-24
Guangyuan,???,Sichuan,direct administration,1985-02-08
Huaying,???,Sichuan,Guang'an,1985-02-04
Huili,???,Sichuan,Liangshan,2021-02-01
Jiangyou,???,Sichuan,Mianyang,1988-02-24
Jianyang,???,Sichuan,Chengdu,1994-04-05
Kangding,???,Sichuan,Garzê,2015-02-17
Langzhong,???,Sichuan,Nanchong,1991-01-12
Leshan,???,Sichuan,direct administration,1985-02-11
Longchang,???,Sichuan,Neijiang,2017-04-09
Luzhou,???,Sichuan,direct administration,1983-03-03
Mianzhu,???,Sichuan,Deyang,1996-10-15
Meishan,???,Sichuan,direct administration,2000-06-10
Mianyang,???,Sichuan,direct administration,1985-02-08
Nanchong,???,Sichuan,direct administration,1993-07-02
Neijiang,???,Sichuan,direct administration,1985-02-11
Panzhihua,????,Sichuan,direct administration,1965-04-22
Pengzhou,???,Sichuan,Chengdu,1993-12-01
Qionglai,???,Sichuan,Chengdu,1994-06-19
Shifang,???,Sichuan,Deyang,1995-11-08
Shehong,???,Sichuan,Suining,2019-07-12
Suining,???,Sichuan,direct administration,1985-02-08
Wanyuan,???,Sichuan,Dazhou,1993-07-14
Xichang,???,Sichuan,Liangshan,1979-07-19
Ya'an,???,Sichuan,direct administration,2000-06-14
Yibin,???,Sichuan,direct administration,1996-10-05
Zigong,???,Sichuan,direct administration,1949-10-01
Ziyang,???,Sichuan,direct administration,2000-06-14
Lhasa,???,Tibet,direct administration,1960-01-07
Nagqu,???,Tibet,direct administration,2017-07-18
Nyingchi,???,Tibet,direct administration,2015-03-16
Qamdo,???,Tibet,direct administration,2014-10-29
Shannan,???,Tibet,direct administration,2016-01-07
Xigazê,????,Tibet,direct administration,2014-06-26
Aksu,????,Xinjiang,Aksu,1983-08-19
Alashankou,?????,Xinjiang,Bortala,2012-12-17
Altay,????,Xinjiang,Altay,1984-11-17
Aral,????,Xinjiang (XPCC),none,2002-09-17
Artux,????,Xinjiang,Kizilsu,1986-06-07
Beitun,???,Xinjiang (XPCC),none,2011-12-27
Bole,???,Xinjiang,Bortala,1985-06-24
Changji,???,Xinjiang,Changji,1983-07-21
Fukang,???,Xinjiang,Changji,1992-11-03
Hami,???,Xinjiang,direct administration,2016-01-07
Hotan,???,Xinjiang,Hotan,1983-09-09
Huyanghe,????,Xinjiang (XPCC),none,2019-11-06
Karamay,?????,Xinjiang,direct administration,1982-02-16
Kashgar,???,Xinjiang,Kashgar,1952-05-22
Khorgas,?????,Xinjiang,Ili,2014-06-26
Kokdala,?????,Xinjiang (XPCC),none,2015-03-16
Korla,????,Xinjiang,Bayingolin,1979-09-02
Kunyu,???,Xinjiang (XPCC),none,2016-01-07
Kuqa,???,Xinjiang,Aksu,2019-11-20
Kuytun,???,Xinjiang,Ili,1975-08-29
Shawan,???,Xinjiang,Tacheng,2021-01-20
Shihezi,????,Xinjiang (XPCC),none,1976-01-02
Shuanghe,???,Xinjiang (XPCC),none,2014-01-25
Tacheng,???,Xinjiang,Tacheng,1984-11-17
Tiemenguan,????,Xinjiang (XPCC),none,2012-12-17
Tumxuk,?????,Xinjiang (XPCC),none,2002-09-17
Turpan,????,Xinjiang,direct administration,2015-03-16
Ürümqi,?????,Xinjiang,direct administration,1949-10-01
Wujiaqu,????,Xinjiang (XPCC),none,2002-09-17
Wusu,???,Xinjiang,Tacheng,1996-07-10
Xinxing,???,Xinjiang (XPCC),none,2021-02-04
Yining,???,Xinjiang,Ili,1952-05-22
Anning,???,Yunnan,Kunming,1995-10-13
Baoshan,???,Yunnan,direct administration,2000-12-30
Chengjiang,???,Yunnan,Yuxi,2019-11-20
Chuxiong,???,Yunnan,Chuxiong,1983-09-09
Dali,???,Yunnan,Dali,1983-09-09
Gejiu,???,Yunnan,Honghe,1958-09-16
Jinghong,???,Yunnan,Xishuangbanna,1993-12-22
Kaiyuan,???,Yunnan,Honghe,1981-01-18
Kunming,???,Yunnan,direct administration,1949-10-01
Lincang,???,Yunnan,direct administration,2003-12-26
Lijiang,???,Yunnan,direct administration,2002-12-26
Lufeng,???,Yunnan,Chuxiong,2021-01-20
Lushui,???,Yunnan,Nujiang,2016-06-16
Mangshi,??,Yunnan,Dehong,1996-10-28
Mengzi,???,Yunnan,Honghe,2010-09-10
Mile,???,Yunnan,Honghe,2013-01-24
Pu'er,???,Yunnan,direct administration,2003-10-30
Qujing,???,Yunnan,direct administration,1997-05-06
Ruili,???,Yunnan,Dehong,1992-06-26
Shangri-La,?????,Yunnan,Dêqên,2014-12-16
Shuifu,???,Yunnan,Zhaotong,2018-07-02
Tengchong,???,Yunnan,Baoshan,2015-08-01
Wenshan,???,Yunnan,Wenshan,2010-12-02
Xuanwei,???,Yunnan,Qujing,1994-02-18
Yuxi,???,Yunnan,direct administration,1997-12-13
Zhaotong,???,Yunnan,direct administration,2001-01-13
Cixi,???,Zhejiang,Ningbo,1988-10-13
Dongyang,???,Zhejiang,Jinhua,1988-05-25
Haining,???,Zhejiang,Jiaxing,1986-11-22
Hangzhou,???,Zhejiang,direct administration,1949-10-01
Huzhou,???,Zhejiang,direct administration,1983-07-27
Jiande,???,Zhejiang,Hangzhou,1992-04-01
Jiangshan,???,Zhejiang,Quzhou,1987-11-27
Jiaxing,???,Zhejiang,direct administration,1983-07-27
Jinhua,???,Zhejiang,direct administration,1985-05-15
Lanxi,???,Zhejiang,Jinhua,1985-05-15
Linhai,???,Zhejiang,Taizhou,1986-03-01
Lishui,???,Zhejiang,direct administration,2000-05-20
Longgang,???,Zhejiang,Wenzhou,2019-08-16
Longquan,???,Zhejiang,Lishui,1990-12-26
Ningbo,???,Zhejiang,direct administration,1949-12-20
Pinghu,???,Zhejiang,Jiaxing,1991-06-15
Quzhou,???,Zhejiang,direct administration,1985-05-15
Ruian,???,Zhejiang,Wenzhou,1987-04-15
Shaoxing,???,Zhejiang,direct administration,1983-07-27
Shengzhou,???,Zhejiang,Shaoxing,1995-08-30
Taizhou,???,Zhejiang,direct administration,1994-08-22
Tongxiang,???,Zhejiang,Jiaxing,1993-03-26
Wenling,???,Zhejiang,Taizhou,1994-02-18
Wenzhou,???,Zhejiang,direct administration,1949-11-06
Yiwu,???,Zhejiang,Jinhua,1988-05-25
Yongkang,???,Zhejiang,Jinhua,1992-08-24
Yueqing,???,Zhejiang,Wenzhou,1993-09-18
Yuhuan,???,Zhejiang,Taizhou,2017-04-09
Yuyao,???,Zhejiang,Ningbo,1985-07-16
Zhoushan,???,Zhejiang,direct administration,1987-01-23
Zhuji,???,Zhejiang,Shaoxing,1989-09-27
